id,typeOfQuestion,first_color,second_color,third_color,clicks,page_time,rating,resets,id_question
5740b0f8e9734,objTwoColors,#FFFF00,72,0,358,51,5,0,1
573edae85268b,objTwoColors,#FFFF00,58,97,245,18,5,0,1
5711231e370f2,objTwoColors,#FFFF00,0,58,390,41,3,0,1
5740b686127bb,objTwoColors,#FFFF00,51,65,829,101,2,0,1
5757fd2703090,objTwoColors,#FFFF00,58,0,21,4,5,0,1
5740bda9be3dc,objTwoColors,#FFFF00,74,88,325,30,5,0,1
574859b8f3379,objTwoColors,#FFFF00,1,124,245,26,4,0,1
573c70dabcfe0,objTwoColors,#FFFF00,70,0,710,60,2,0,1
573a059da0efd,objTwoColors,#FFFF00,199,49,84,13,5,0,1
5756ab1701ba0,objTwoColors,#FFFF00,188,140,190,13,5,0,1
573e47c26cb8e,objTwoColors,#FFFF00,52,156,108,26,2,0,1
5756ae6897296,objTwoColors,#FFFF00,1,25,25,8,5,0,1
572767049ccfa,objTwoColors,#FFFF00,179,58,124,20,3,0,1
573c783748e8b,objTwoColors,#FFFF00,55,57,77,18,3,0,1
5757ffca0b4b1,objTwoColors,#FFFF00,57,0,28,19,5,0,1
573e4022949b1,objTwoColors,#FFFF00,71,0,130,9,5,0,1
5756b2d9bd658,objTwoColors,#FFFF00,59,95,228,28,5,0,1
5740a8b59d448,objTwoColors,#FFFF00,152,57,912,72,2,0,1
5739ff85289b2,objTwoColors,#FFFF00,50,196,6,17,2,0,1
5710ee9e58646,objTwoColors,#FFFF00,5,124,159,11,3,0,1
5713a02a13044,objTwoColors,#FFFF00,1,52,85,13,4,0,1
57582b17cd76a,objTwoColors,#FFFF00,44,0,44,25,4,0,1
573a0b8280839,objTwoColors,#FFFF00,0,40,38,9,3,0,1
5740ad339507d,objTwoColors,#FFFF00,55,0,38,10,3,0,1
57581518c2c07,objTwoColors,#FFFF00,178,162,86,8,2,0,1
5740e3f36a945,objTwoColors,#FFFF00,76,0,139,26,2,0,1
573e4d0eb795b,objTwoColors,#FFFF00,239,121,157,23,4,0,1
572c85675a5ef,objTwoColors,#FFFF00,346,101,1209,97,3,0,1
571151812791a,objTwoColors,#FFFF00,229,113,243,14,4,0,1
574859b8f3379,objTwoColors,#FF00FF,280,332,1022,85,3,0,2
573a059da0efd,objTwoColors,#FF00FF,0,0,0,15,1,0,2
57581518c2c07,objTwoColors,#FF00FF,46,353,142,20,4,0,2
573e4022949b1,objTwoColors,#FF00FF,0,299,109,16,5,0,2
5740ad339507d,objTwoColors,#FF00FF,10,54,67,11,3,0,2
5756ae6897296,objTwoColors,#FF00FF,231,280,344,29,4,0,2
5740b0f8e9734,objTwoColors,#FF00FF,300,0,514,56,5,0,2
5756ab1701ba0,objTwoColors,#FF00FF,2,322,85,9,5,0,2
5713a02a13044,objTwoColors,#FF00FF,0,271,321,58,3,0,2
573e47c26cb8e,objTwoColors,#FF00FF,210,325,160,28,2,0,2
573e4d0eb795b,objTwoColors,#FF00FF,307,0,75,11,4,0,2
5756b2d9bd658,objTwoColors,#FF00FF,293,0,557,59,2,0,2
5740b686127bb,objTwoColors,#FF00FF,321,204,264,29,3,0,2
572767049ccfa,objTwoColors,#FF00FF,8,128,185,61,1,0,2
5757ffca0b4b1,objTwoColors,#FF00FF,302,0,107,16,3,0,2
5740bda9be3dc,objTwoColors,#FF00FF,321,316,675,116,5,0,2
5711231e370f2,objTwoColors,#FF00FF,0,302,584,20,3,0,2
573c70dabcfe0,objTwoColors,#FF00FF,179,73,134,21,3,0,2
572c85675a5ef,objTwoColors,#FF00FF,216,344,323,40,5,0,2
5740e3f36a945,objTwoColors,#FF00FF,301,0,320,66,2,0,2
5757fd2703090,objTwoColors,#FF00FF,300,0,232,10,2,0,2
5739ff85289b2,objTwoColors,#FF00FF,305,196,10,45,1,0,2
5710ee9e58646,objTwoColors,#FF00FF,222,0,514,43,4,0,2
571151812791a,objTwoColors,#FF00FF,5,230,58,37,3,0,2
573c783748e8b,objTwoColors,#FF00FF,271,0,613,50,3,0,2
573edae85268b,objTwoColors,#FF00FF,11,273,166,12,4,0,2
57582b17cd76a,objTwoColors,#FF00FF,19,189,90,85,1,0,2
5740a8b59d448,objTwoColors,#FF00FF,286,0,225,21,5,0,2
57581518c2c07,objTwoColors,#80FF00,227,56,95,9,5,0,3
5740ad339507d,objTwoColors,#80FF00,218,58,116,10,4,0,3
573c70dabcfe0,objTwoColors,#80FF00,59,231,305,32,2,0,3
5711231e370f2,objTwoColors,#80FF00,0,145,275,9,4,0,3
5739ff85289b2,objTwoColors,#80FF00,333,33,137,54,1,0,3
5740b0f8e9734,objTwoColors,#80FF00,136,0,330,64,4,0,3
573e4022949b1,objTwoColors,#80FF00,128,0,115,10,5,0,3
573a0b8280839,objTwoColors,#80FF00,164,54,144,27,3,0,3
5756ab1701ba0,objTwoColors,#80FF00,58,211,142,19,5,0,3
573a059da0efd,objTwoColors,#80FF00,195,65,180,23,5,0,3
5740bda9be3dc,objTwoColors,#80FF00,57,186,105,15,5,0,3
571151812791a,objTwoColors,#80FF00,192,47,76,17,3,0,3
573c783748e8b,objTwoColors,#80FF00,99,110,954,119,4,1,3
5710ee9e58646,objTwoColors,#80FF00,56,198,110,9,4,0,3
5756b2d9bd658,objTwoColors,#80FF00,57,201,83,14,5,0,3
5756ae6897296,objTwoColors,#80FF00,54,164,350,27,4,0,3
5740b686127bb,objTwoColors,#80FF00,59,147,180,15,4,0,3
573edae85268b,objTwoColors,#80FF00,235,59,162,19,4,0,3
573e47c26cb8e,objTwoColors,#80FF00,58,249,206,17,3,0,3
5713a02a13044,objTwoColors,#80FF00,113,0,195,10,4,0,3
572767049ccfa,objTwoColors,#80FF00,5,227,103,17,4,0,3
573e4d0eb795b,objTwoColors,#80FF00,58,236,88,19,5,0,3
5757fd2703090,objTwoColors,#80FF00,86,0,172,9,5,0,3
5740e3f36a945,objTwoColors,#80FF00,97,0,154,19,2,0,3
5757ffca0b4b1,objTwoColors,#80FF00,129,0,97,12,3,0,3
572c85675a5ef,objTwoColors,#80FF00,94,97,223,24,5,0,3
574859b8f3379,objTwoColors,#80FF00,195,52,105,11,4,0,3
5740a8b59d448,objTwoColors,#80FF00,59,186,100,12,5,0,3
57582b17cd76a,objTwoColors,#80FF00,58,179,64,31,3,0,3
57582b17cd76a,objTwoColors,#7f00ff,5,232,54,11,3,0,4
572767049ccfa,objTwoColors,#7f00ff,256,319,380,23,1,0,4
5740bda9be3dc,objTwoColors,#7f00ff,318,210,380,78,5,0,4
5710ee9e58646,objTwoColors,#7f00ff,326,202,267,40,4,0,4
573c783748e8b,objTwoColors,#7f00ff,351,212,383,53,3,0,4
57581518c2c07,objTwoColors,#7f00ff,176,323,120,15,4,0,4
573e4d0eb795b,objTwoColors,#7f00ff,275,0,82,26,4,0,4
5757ffca0b4b1,objTwoColors,#7f00ff,202,352,120,18,4,0,4
5711231e370f2,objTwoColors,#7f00ff,0,290,276,31,4,0,4
573e4022949b1,objTwoColors,#7f00ff,280,0,76,10,5,0,4
573c70dabcfe0,objTwoColors,#7f00ff,230,118,199,20,3,0,4
5757fd2703090,objTwoColors,#7f00ff,271,0,175,11,4,0,4
573a0b8280839,objTwoColors,#7f00ff,173,346,597,58,3,0,4
5756b2d9bd658,objTwoColors,#7f00ff,200,303,186,22,5,0,4
573edae85268b,objTwoColors,#7f00ff,8,128,135,16,4,0,4
573a059da0efd,objTwoColors,#7f00ff,0,0,0,3,1,0,4
571151812791a,objTwoColors,#7f00ff,11,244,141,30,3,0,4
5740a8b59d448,objTwoColors,#7f00ff,4,214,115,13,4,0,4
573e47c26cb8e,objTwoColors,#7f00ff,233,300,297,24,3,0,4
5756ae6897296,objTwoColors,#7f00ff,349,300,345,28,4,0,4
5740ad339507d,objTwoColors,#7f00ff,7,233,77,10,2,0,4
5713a02a13044,objTwoColors,#7f00ff,7,319,143,8,2,0,4
5756ab1701ba0,objTwoColors,#7f00ff,180,300,261,22,4,0,4
5740b0f8e9734,objTwoColors,#7f00ff,282,0,177,36,4,0,4
5739ff85289b2,objTwoColors,#7f00ff,278,0,11,26,3,0,4
574859b8f3379,objTwoColors,#7f00ff,303,256,755,58,3,0,4
572c85675a5ef,objTwoColors,#7f00ff,239,279,276,21,3,0,4
5740e3f36a945,objTwoColors,#7f00ff,279,0,202,27,3,0,4
5740b686127bb,objTwoColors,#7f00ff,211,328,172,30,4,0,4
5740a8b59d448,objTwoColors,#FF0080,7,0,22,40,5,0,5
5713a02a13044,objTwoColors,#FF0080,56,338,145,13,3,0,5
573e4022949b1,objTwoColors,#FF0080,6,0,148,53,5,0,5
5756b2d9bd658,objTwoColors,#FF0080,44,308,197,15,4,0,5
57582b17cd76a,objTwoColors,#FF0080,10,300,94,13,3,0,5
5740b0f8e9734,objTwoColors,#FF0080,329,0,78,17,4,0,5
571151812791a,objTwoColors,#FF0080,12,0,34,30,4,0,5
573a0b8280839,objTwoColors,#FF0080,40,52,33,8,3,0,5
5740bda9be3dc,objTwoColors,#FF0080,322,331,186,43,5,0,5
573edae85268b,objTwoColors,#FF0080,359,320,709,47,4,0,5
5711231e370f2,objTwoColors,#FF0080,0,302,163,10,4,0,5
5740b686127bb,objTwoColors,#FF0080,334,298,372,55,3,0,5
5757fd2703090,objTwoColors,#FF0080,332,0,328,14,2,0,5
5710ee9e58646,objTwoColors,#FF0080,353,254,371,34,2,0,5
574859b8f3379,objTwoColors,#FF0080,352,196,190,17,3,0,5
573c70dabcfe0,objTwoColors,#FF0080,68,182,549,72,3,0,5
5757ffca0b4b1,objTwoColors,#FF0080,331,0,100,12,5,0,5
57581518c2c07,objTwoColors,#FF0080,5,43,333,51,4,0,5
573c783748e8b,objTwoColors,#FF0080,351,73,244,20,3,0,5
573e4d0eb795b,objTwoColors,#FF0080,0,334,96,29,4,0,5
572767049ccfa,objTwoColors,#FF0080,338,114,2,4,3,0,5
5740e3f36a945,objTwoColors,#FF0080,4,0,3,9,2,0,5
5739ff85289b2,objTwoColors,#FF0080,113,37,8,13,2,0,5
5740ad339507d,objTwoColors,#FF0080,7,0,12,5,2,0,5
5756ae6897296,objTwoColors,#FF0080,54,300,406,31,4,0,5
5756ab1701ba0,objTwoColors,#FF0080,7,300,360,23,3,0,5
572c85675a5ef,objTwoColors,#FF0080,6,335,115,18,4,0,5
573a059da0efd,objTwoColors,#FF0080,8,0,323,51,1,0,5
573e47c26cb8e,objTwoColors,#FF0080,10,42,44,15,2,0,5
5757ffca0b4b1,objTwoColors,#FF8000,1,56,65,12,4,0,6
573e4022949b1,objTwoColors,#FF8000,24,0,53,7,5,0,6
5710ee9e58646,objTwoColors,#FF8000,4,55,311,11,5,0,6
57581518c2c07,objTwoColors,#FF8000,58,350,303,23,4,0,6
5757fd2703090,objTwoColors,#FF8000,6,59,60,14,5,0,6
5711231e370f2,objTwoColors,#FF8000,0,38,306,11,4,0,6
5756b2d9bd658,objTwoColors,#FF8000,2,59,132,13,5,0,6
571151812791a,objTwoColors,#FF8000,2,57,247,20,3,0,6
5756ae6897296,objTwoColors,#FF8000,58,44,140,25,4,0,6
5713a02a13044,objTwoColors,#FF8000,56,354,183,25,4,0,6
5756ab1701ba0,objTwoColors,#FF8000,0,20,39,9,4,0,6
572767049ccfa,objTwoColors,#FF8000,9,58,71,7,4,0,6
574859b8f3379,objTwoColors,#FF8000,8,59,78,10,5,0,6
5740e3f36a945,objTwoColors,#FF8000,29,0,30,8,3,0,6
5740bda9be3dc,objTwoColors,#FF8000,1,57,42,15,5,0,6
572c85675a5ef,objTwoColors,#FF8000,8,173,80,15,3,0,6
5740b686127bb,objTwoColors,#FF8000,3,52,192,20,5,0,6
5739ff85289b2,objTwoColors,#FF8000,168,52,531,131,1,0,6
5740b0f8e9734,objTwoColors,#FF8000,27,0,40,10,4,0,6
5740ad339507d,objTwoColors,#FF8000,5,0,24,6,3,0,6
5740a8b59d448,objTwoColors,#FF8000,3,57,60,18,5,0,6
573a059da0efd,objTwoColors,#FF8000,136,221,574,85,3,0,6
57582b17cd76a,objTwoColors,#FF8000,15,57,54,12,4,0,6
573edae85268b,objTwoColors,#FF8000,2,44,103,13,4,0,6
573a0b8280839,objTwoColors,#FF8000,52,42,44,8,3,0,6
573c70dabcfe0,objTwoColors,#FF8000,56,92,116,15,2,0,6
573e4d0eb795b,objTwoColors,#FF8000,7,0,100,52,3,0,6
573c783748e8b,objTwoColors,#FF8000,353,57,132,17,4,0,6
573e47c26cb8e,objTwoColors,#FF8000,18,47,44,10,3,0,6
573e4022949b1,objTwoColors,#0000FF,0,265,289,33,5,0,7
57582b17cd76a,objTwoColors,#0000FF,235,0,133,26,4,0,7
573a0b8280839,objTwoColors,#0000FF,0,318,49,7,3,0,7
5756b2d9bd658,objTwoColors,#0000FF,214,300,154,23,4,0,7
5740a8b59d448,objTwoColors,#0000FF,232,300,810,52,3,0,7
5739ff85289b2,objTwoColors,#0000FF,310,173,7,21,1,0,7
5740bda9be3dc,objTwoColors,#0000FF,262,227,224,26,5,0,7
5710ee9e58646,objTwoColors,#0000FF,314,202,601,54,2,0,7
57581518c2c07,objTwoColors,#0000FF,59,123,256,14,5,0,7
572c85675a5ef,objTwoColors,#0000FF,225,222,151,30,5,0,7
573e47c26cb8e,objTwoColors,#0000FF,305,230,260,28,2,0,7
5740b0f8e9734,objTwoColors,#0000FF,263,0,165,17,5,0,7
573e4d0eb795b,objTwoColors,#0000FF,263,0,180,30,4,0,7
5757ffca0b4b1,objTwoColors,#0000FF,235,0,43,8,4,0,7
572767049ccfa,objTwoColors,#0000FF,181,239,120,9,4,0,7
5756ab1701ba0,objTwoColors,#0000FF,57,113,155,13,5,0,7
5740b0f8e9734,objTwoColors,#0000FF,317,192,287,31,5,0,7
5740ad339507d,objTwoColors,#0000FF,3,204,61,9,4,0,7
5740b686127bb,objTwoColors,#0000FF,234,311,204,17,4,0,7
573c70dabcfe0,objTwoColors,#0000FF,111,63,335,32,3,0,7
573a059da0efd,objTwoColors,#0000FF,300,210,557,70,3,0,7
5740e3f36a945,objTwoColors,#0000FF,240,307,251,42,2,0,7
5713a02a13044,objTwoColors,#0000FF,199,208,611,105,3,0,7
5756ae6897296,objTwoColors,#0000FF,2,321,113,10,5,0,7
5711231e370f2,objTwoColors,#0000FF,0,206,122,6,4,0,7
574859b8f3379,objTwoColors,#0000FF,243,285,460,45,3,0,7
573edae85268b,objTwoColors,#0000FF,242,320,1074,92,3,0,7
5757fd2703090,objTwoColors,#0000FF,229,0,69,7,5,0,7
573c783748e8b,objTwoColors,#0000FF,350,216,190,15,3,0,7
571151812791a,objTwoColors,#0000FF,55,132,344,21,3,0,7
5757fd2703090,objTwoColors,#FF0000,1,0,43,5,5,0,8
5739ff85289b2,objTwoColors,#FF0000,150,35,54,33,2,0,8
57582b17cd76a,objTwoColors,#FF0000,5,0,11,12,4,0,8
571151812791a,objTwoColors,#FF0000,349,9,430,57,1,0,8
5756b2d9bd658,objTwoColors,#FF0000,2,0,4,8,4,0,8
573c783748e8b,objTwoColors,#FF0000,3,354,474,29,3,0,8
572767049ccfa,objTwoColors,#FF0000,317,59,134,14,3,0,8
573a059da0efd,objTwoColors,#FF0000,0,0,0,2,1,0,8
573e4022949b1,objTwoColors,#FF0000,2,0,53,8,5,0,8
5740a8b59d448,objTwoColors,#FF0000,0,332,621,33,4,0,8
573edae85268b,objTwoColors,#FF0000,3,0,1064,71,4,0,8
5740bda9be3dc,objTwoColors,#FF0000,8,0,225,32,5,0,8
5740e3f36a945,objTwoColors,#FF0000,353,0,128,15,3,0,8
5756ab1701ba0,objTwoColors,#FF0000,308,59,388,39,5,0,8
572c85675a5ef,objTwoColors,#FF0000,3,4,6,8,5,0,8
573c70dabcfe0,objTwoColors,#FF0000,56,245,508,85,4,0,8
57581518c2c07,objTwoColors,#FF0000,41,317,143,28,2,0,8
573e47c26cb8e,objTwoColors,#FF0000,67,295,329,38,2,0,8
5710ee9e58646,objTwoColors,#FF0000,55,0,367,22,4,0,8
5740b686127bb,objTwoColors,#FF0000,23,11,24,253,3,0,8
5756ae6897296,objTwoColors,#FF0000,250,297,589,44,5,0,8
5711231e370f2,objTwoColors,#FF0000,0,15,392,13,4,0,8
5757ffca0b4b1,objTwoColors,#FF0000,5,0,1,8,5,0,8
5713a02a13044,objTwoColors,#FF0000,30,16,982,95,1,1,8
5740ad339507d,objTwoColors,#FF0000,275,54,584,54,2,0,8
574859b8f3379,objTwoColors,#FF0000,1,0,552,144,1,0,8
5740b0f8e9734,objTwoColors,#FF0000,5,0,46,8,5,0,8
573e4d0eb795b,objTwoColors,#FF0000,5,0,21,6,4,0,8
573edae85268b,objTwoColors,#00FF80,245,57,309,43,4,0,9
573e4022949b1,objTwoColors,#00FF80,149,0,511,32,5,0,9
572c85675a5ef,objTwoColors,#00FF80,161,115,265,170,4,0,9
574859b8f3379,objTwoColors,#00FF80,99,186,334,32,3,0,9
57582b17cd76a,objTwoColors,#00FF80,118,177,131,16,2,0,9
5740b0f8e9734,objTwoColors,#00FF80,156,0,345,30,5,0,9
5756ab1701ba0,objTwoColors,#00FF80,0,144,278,17,4,0,9
5740ad339507d,objTwoColors,#00FF80,207,58,94,10,4,0,9
5756ae6897296,objTwoColors,#00FF80,59,179,112,17,4,0,9
5713a02a13044,objTwoColors,#00FF80,97,0,836,38,4,0,9
5740a8b59d448,objTwoColors,#00FF80,136,0,186,11,3,0,9
573a059da0efd,objTwoColors,#00FF80,0,0,0,11,1,0,9
5756b2d9bd658,objTwoColors,#00FF80,182,59,152,28,4,0,9
573a0b8280839,objTwoColors,#00FF80,0,40,76,12,3,0,9
571151812791a,objTwoColors,#00FF80,58,201,119,11,3,0,9
5711231e370f2,objTwoColors,#00FF80,0,163,66,4,4,0,9
5757fd2703090,objTwoColors,#00FF80,151,0,57,10,3,0,9
573e47c26cb8e,objTwoColors,#00FF80,38,215,113,16,2,0,9
573c70dabcfe0,objTwoColors,#00FF80,87,186,216,24,3,0,9
573e4d0eb795b,objTwoColors,#00FF80,241,53,355,47,5,0,9
5757ffca0b4b1,objTwoColors,#00FF80,180,60,443,40,4,0,9
57581518c2c07,objTwoColors,#00FF80,206,56,104,10,4,0,9
5710ee9e58646,objTwoColors,#00FF80,205,131,734,42,3,0,9
5740bda9be3dc,objTwoColors,#00FF80,56,188,107,21,5,0,9
573c783748e8b,objTwoColors,#00FF80,23,55,580,53,3,0,9
5740e3f36a945,objTwoColors,#00FF80,256,57,286,29,2,0,9
572767049ccfa,objTwoColors,#00FF80,123,184,399,30,3,0,9
5740b686127bb,objTwoColors,#00FF80,203,88,196,26,3,0,9
5740ad339507d,objTwoColors,#0080FF,117,53,348,34,3,0,10
5740e3f36a945,objTwoColors,#0080FF,217,0,79,17,2,0,10
57582b17cd76a,objTwoColors,#0080FF,227,0,72,10,4,0,10
571151812791a,objTwoColors,#0080FF,54,158,82,29,3,0,10
573e4d0eb795b,objTwoColors,#0080FF,223,0,52,73,4,0,10
5757ffca0b4b1,objTwoColors,#0080FF,206,0,55,13,5,0,10
5740bda9be3dc,objTwoColors,#0080FF,222,216,84,20,5,0,10
573c70dabcfe0,objTwoColors,#0080FF,128,67,431,62,2,0,10
57581518c2c07,objTwoColors,#0080FF,229,0,79,15,5,0,10
572767049ccfa,objTwoColors,#0080FF,181,57,148,55,3,0,10
5710ee9e58646,objTwoColors,#0080FF,10,242,620,27,2,0,10
5740b0f8e9734,objTwoColors,#0080FF,228,0,52,13,5,0,10
574859b8f3379,objTwoColors,#0080FF,230,0,60,10,1,0,10
5711231e370f2,objTwoColors,#0080FF,0,194,88,7,4,0,10
573a0b8280839,objTwoColors,#0080FF,0,267,253,40,3,0,10
5756b2d9bd658,objTwoColors,#0080FF,239,0,126,13,3,0,10
573e4022949b1,objTwoColors,#0080FF,235,0,80,14,5,0,10
5756ab1701ba0,objTwoColors,#0080FF,58,144,192,12,5,0,10
5740b686127bb,objTwoColors,#0080FF,215,254,875,88,3,0,10
5756ae6897296,objTwoColors,#0080FF,6,313,97,7,5,0,10
5739ff85289b2,objTwoColors,#0080FF,55,110,101,41,3,0,10
5713a02a13044,objTwoColors,#0080FF,228,0,83,14,3,0,10
5740a8b59d448,objTwoColors,#0080FF,249,0,209,16,3,0,10
573e47c26cb8e,objTwoColors,#0080FF,5,103,120,46,2,0,10
5757fd2703090,objTwoColors,#0080FF,212,0,134,23,5,0,10
573c783748e8b,objTwoColors,#0080FF,238,225,123,14,3,0,10
573a059da0efd,objTwoColors,#0080FF,76,53,296,21,4,0,10
573edae85268b,objTwoColors,#0080FF,237,0,2622,364,2,0,10
572c85675a5ef,objTwoColors,#0080FF,206,209,167,36,5,0,10
572767049ccfa,objTwoColors,#FF8000,57,355,207,16,5,0,11
5710ee9e58646,objTwoColors,#FF8000,55,354,175,11,4,0,11
5711231e370f2,objTwoColors,#FF8000,0,33,35,5,4,0,11
5757fd2703090,objTwoColors,#FF8000,2,59,90,9,5,0,11
5713a02a13044,objTwoColors,#FF8000,12,59,64,26,4,0,11
5740ad339507d,objTwoColors,#FF8000,7,0,5,5,3,0,11
5740b686127bb,objTwoColors,#FF8000,3,57,55,11,5,0,11
5756ae6897296,objTwoColors,#FF8000,59,38,424,35,4,0,11
573e47c26cb8e,objTwoColors,#FF8000,151,356,141,26,3,0,11
572c85675a5ef,objTwoColors,#FF8000,7,57,100,19,5,0,11
573e4d0eb795b,objTwoColors,#FF8000,28,30,88,72,5,0,11
5740bda9be3dc,objTwoColors,#FF8000,9,50,45,22,5,1,11
5756ab1701ba0,objTwoColors,#FF8000,3,70,199,14,5,0,11
573c70dabcfe0,objTwoColors,#FF8000,142,73,568,34,3,0,11
5757ffca0b4b1,objTwoColors,#FF8000,2,52,52,22,4,0,11
5740b0f8e9734,objTwoColors,#FF8000,26,0,17,7,5,0,11
573e4022949b1,objTwoColors,#FF8000,1,55,192,22,5,0,11
57581518c2c07,objTwoColors,#FF8000,55,353,144,10,4,0,11
5740e3f36a945,objTwoColors,#FF8000,3,0,1,7,3,0,11
574859b8f3379,objTwoColors,#FF8000,355,55,401,25,4,0,11
573c783748e8b,objTwoColors,#FF8000,348,59,106,12,3,0,11
5739ff85289b2,objTwoColors,#FF8000,213,58,123,42,2,0,11
5740a8b59d448,objTwoColors,#FF8000,5,55,80,15,5,0,11
573edae85268b,objTwoColors,#FF8000,2,43,228,18,4,0,11
5756b2d9bd658,objTwoColors,#FF8000,55,356,183,20,5,0,11
573a059da0efd,objTwoColors,#FF8000,0,0,0,5,1,0,11
57582b17cd76a,objTwoColors,#FF8000,11,56,103,18,4,0,11
573a0b8280839,objTwoColors,#FF8000,55,0,9,6,3,0,11
571151812791a,objTwoColors,#FF8000,11,62,145,10,3,0,11
5757fd2703090,objTwoColors,#80FF00,143,0,163,12,5,0,12
5710ee9e58646,objTwoColors,#80FF00,59,208,97,9,4,0,12
5711231e370f2,objTwoColors,#80FF00,0,147,422,19,4,0,12
571151812791a,objTwoColors,#80FF00,216,57,146,10,3,0,12
5713a02a13044,objTwoColors,#80FF00,150,0,326,31,2,0,12
572767049ccfa,objTwoColors,#80FF00,185,58,100,19,3,0,12
572c85675a5ef,objTwoColors,#80FF00,98,93,208,27,5,0,12
5739ff85289b2,objTwoColors,#80FF00,17,33,40,23,3,0,12
573a059da0efd,objTwoColors,#80FF00,197,53,385,22,5,0,12
573a0b8280839,objTwoColors,#80FF00,0,33,27,6,3,0,12
573c70dabcfe0,objTwoColors,#80FF00,66,124,472,26,3,0,12
573c783748e8b,objTwoColors,#80FF00,115,98,423,26,3,0,12
573e4022949b1,objTwoColors,#80FF00,120,0,113,12,5,0,12
573e47c26cb8e,objTwoColors,#80FF00,55,250,281,25,2,0,12
573e4d0eb795b,objTwoColors,#80FF00,102,0,127,13,4,0,12
573edae85268b,objTwoColors,#80FF00,178,59,768,96,3,0,12
5740a8b59d448,objTwoColors,#80FF00,193,55,114,10,5,0,12
5740ad339507d,objTwoColors,#80FF00,203,57,101,10,4,0,12
5740b0f8e9734,objTwoColors,#80FF00,115,0,65,16,4,0,12
5740b686127bb,objTwoColors,#80FF00,160,52,77,13,3,0,12
5740bda9be3dc,objTwoColors,#80FF00,56,206,127,53,4,0,12
5740e3f36a945,objTwoColors,#80FF00,257,54,222,29,2,0,12
574859b8f3379,objTwoColors,#80FF00,199,65,157,12,4,0,12
5756ab1701ba0,objTwoColors,#80FF00,210,74,162,18,4,0,12
5756ae6897296,objTwoColors,#80FF00,186,162,528,37,4,0,12
5756b2d9bd658,objTwoColors,#80FF00,202,59,101,15,5,0,12
5757ffca0b4b1,objTwoColors,#80FF00,131,0,180,16,3,0,12
57581518c2c07,objTwoColors,#80FF00,235,52,119,12,5,0,12
57582b17cd76a,objTwoColors,#80FF00,55,193,115,33,4,0,12
5739ff85289b2,objTwoColors,#0000FF,82,52,8,18,3,0,13
571151812791a,objTwoColors,#0080FF,59,97,196,15,3,0,13
572c85675a5ef,objTwoColors,#0080FF,219,185,285,48,5,0,13
5711231e370f2,objTwoColors,#0080FF,0,188,80,5,3,0,13
57582b17cd76a,objTwoColors,#0080FF,239,0,68,8,4,0,13
5756ab1701ba0,objTwoColors,#0000FF,58,132,237,16,5,0,13
573e4d0eb795b,objTwoColors,#0000FF,239,236,218,115,4,0,13
573e47c26cb8e,objTwoColors,#0000FF,267,205,749,54,1,0,13
574859b8f3379,objTwoColors,#0000FF,232,0,113,17,2,0,13
573a059da0efd,objTwoColors,#0000FF,99,54,285,23,5,0,13
5740b686127bb,objTwoColors,#0000FF,234,231,185,28,4,0,13
572767049ccfa,objTwoColors,#0000FF,226,0,177,22,3,0,13
5740ad339507d,objTwoColors,#0000FF,183,289,218,17,3,0,13
5756ae6897296,objTwoColors,#0000FF,57,160,440,41,4,0,13
5756b2d9bd658,objTwoColors,#0000FF,237,0,418,33,3,0,13
5710ee9e58646,objTwoColors,#0080FF,244,81,496,22,2,0,13
5740b0f8e9734,objTwoColors,#0000FF,222,0,65,18,4,0,13
573a0b8280839,objTwoColors,#0000FF,56,332,953,72,3,0,13
573edae85268b,objTwoColors,#0000FF,237,0,88,13,3,0,13
5713a02a13044,objTwoColors,#0080FF,228,0,89,11,3,0,13
573e4022949b1,objTwoColors,#0000FF,243,0,99,13,5,0,13
5757fd2703090,objTwoColors,#0080FF,206,0,352,17,5,0,13
573c783748e8b,objTwoColors,#0000FF,232,229,132,41,4,0,13
5757ffca0b4b1,objTwoColors,#0080FF,204,0,54,11,4,0,13
5740bda9be3dc,objTwoColors,#0000FF,226,227,120,14,5,0,13
5740e3f36a945,objTwoColors,#0000FF,224,0,80,18,3,0,13
573c70dabcfe0,objTwoColors,#0000FF,115,61,175,13,2,0,13
5740a8b59d448,objTwoColors,#0000FF,234,0,77,8,4,0,13
57581518c2c07,objTwoColors,#0080FF,100,57,135,11,5,0,13
573c70dabcfe0,objTwoColors,#8000FF,53,14,71,41,3,0,14
573e4d0eb795b,objTwoColors,#8000FF,282,0,228,17,4,0,14
572767049ccfa,objTwoColors,#8000FF,329,349,355,23,4,0,14
5740b0f8e9734,objTwoColors,#8000FF,279,0,123,11,5,0,14
572c85675a5ef,objTwoColors,#8000FF,271,270,263,47,5,0,14
5756b2d9bd658,objTwoColors,#8000FF,311,211,189,26,4,0,14
5740b686127bb,objTwoColors,#8000FF,213,308,142,27,4,0,14
5757fd2703090,objTwoColors,#8000FF,225,305,148,16,3,0,14
573e47c26cb8e,objTwoColors,#8000FF,41,256,127,17,3,0,14
5740ad339507d,objTwoColors,#8000FF,5,218,89,10,3,0,14
571151812791a,objTwoColors,#8000FF,14,222,133,8,3,0,14
573c783748e8b,objTwoColors,#8000FF,355,231,294,20,3,0,14
5740a8b59d448,objTwoColors,#8000FF,9,227,93,9,4,0,14
573e4022949b1,objTwoColors,#8000FF,280,0,85,10,5,0,14
5740e3f36a945,objTwoColors,#8000FF,280,0,196,17,3,0,14
5711231e370f2,objTwoColors,#8000FF,0,286,264,9,4,0,14
5713a02a13044,objTwoColors,#8000FF,290,248,427,177,2,0,14
573a059da0efd,objTwoColors,#8000FF,0,0,0,3,1,0,14
5710ee9e58646,objTwoColors,#8000FF,326,223,389,13,4,0,14
57582b17cd76a,objTwoColors,#8000FF,219,353,230,27,3,0,14
5756ae6897296,objTwoColors,#8000FF,5,322,737,59,4,0,14
5739ff85289b2,objTwoColors,#8000FF,308,319,11,22,2,0,14
573a0b8280839,objTwoColors,#8000FF,0,322,104,20,3,0,14
574859b8f3379,objTwoColors,#8000FF,244,305,348,19,3,0,14
5756ab1701ba0,objTwoColors,#8000FF,300,236,705,45,4,0,14
5757ffca0b4b1,objTwoColors,#8000FF,214,350,226,21,3,0,14
573edae85268b,objTwoColors,#8000FF,229,300,171,14,4,0,14
5740bda9be3dc,objTwoColors,#8000FF,335,216,249,38,5,0,14
57581518c2c07,objTwoColors,#8000FF,212,23,77,7,4,0,14
5710ee9e58646,objTwoColors,#00FF80,101,198,510,52,4,0,15
5740b0f8e9734,objTwoColors,#00FF80,152,0,347,25,4,0,15
571151812791a,objTwoColors,#00FF80,59,228,90,7,3,0,15
573e47c26cb8e,objTwoColors,#00FF80,38,201,76,11,2,0,15
573e4022949b1,objTwoColors,#00FF80,149,0,108,9,5,0,15
573e4d0eb795b,objTwoColors,#00FF80,145,0,200,34,3,0,15
5740e3f36a945,objTwoColors,#00FF80,154,0,45,23,3,0,15
574859b8f3379,objTwoColors,#00FF80,183,52,121,22,4,0,15
572767049ccfa,objTwoColors,#00FF80,158,0,109,12,4,0,15
57581518c2c07,objTwoColors,#00FF80,55,207,69,7,4,0,15
57582b17cd76a,objTwoColors,#00FF80,59,209,52,13,3,0,15
5711231e370f2,objTwoColors,#00FF80,0,145,637,40,3,0,15
5756ab1701ba0,objTwoColors,#00FF80,2,93,134,10,5,0,15
573c70dabcfe0,objTwoColors,#00FF80,74,246,321,41,3,0,15
5740bda9be3dc,objTwoColors,#00FF80,66,188,458,68,5,0,15
5757ffca0b4b1,objTwoColors,#00FF80,67,181,205,31,4,0,15
573edae85268b,objTwoColors,#00FF80,79,146,496,26,4,0,15
5757fd2703090,objTwoColors,#00FF80,133,0,109,7,2,0,15
573a0b8280839,objTwoColors,#00FF80,0,37,211,35,3,0,15
5740a8b59d448,objTwoColors,#00FF80,130,0,531,19,5,0,15
573a059da0efd,objTwoColors,#00FF80,199,63,181,26,5,0,15
573c783748e8b,objTwoColors,#00FF80,142,0,350,17,3,0,15
5713a02a13044,objTwoColors,#00FF80,5,0,287,31,4,0,15
572c85675a5ef,objTwoColors,#00FF80,104,59,485,53,3,0,15
5740ad339507d,objTwoColors,#00FF80,117,0,136,10,3,0,15
5756ae6897296,objTwoColors,#00FF80,182,50,415,39,3,0,15
5740b686127bb,objTwoColors,#00FF80,168,58,127,22,4,0,15
5756b2d9bd658,objTwoColors,#00FF80,149,172,269,34,4,0,15
5757ffca0b4b1,objTwoColors,#FF007F,329,0,73,17,5,0,16
5740b686127bb,objTwoColors,#FF007F,340,293,245,26,3,0,16
571151812791a,objTwoColors,#FF007F,6,209,88,8,3,0,16
5740ad339507d,objTwoColors,#FF007F,347,0,111,11,2,0,16
5740e3f36a945,objTwoColors,#FF007F,330,0,512,50,3,0,16
5740b0f8e9734,objTwoColors,#FF007F,331,0,61,13,4,0,16
5711231e370f2,objTwoColors,#FF007F,342,0,1084,54,4,0,16
573a0b8280839,objTwoColors,#FF007F,47,37,45,14,3,0,16
5740a8b59d448,objTwoColors,#FF007F,4,0,12,6,5,0,16
572c85675a5ef,objTwoColors,#FF007F,221,8,77,12,5,0,16
57582b17cd76a,objTwoColors,#FF007F,202,12,229,54,3,0,16
574859b8f3379,objTwoColors,#FF007F,359,190,600,52,3,0,16
573e47c26cb8e,objTwoColors,#FF007F,3,40,138,82,3,0,16
573c783748e8b,objTwoColors,#FF007F,351,0,539,83,4,0,16
5756b2d9bd658,objTwoColors,#FF007F,46,309,403,48,4,0,16
573edae85268b,objTwoColors,#FF007F,358,300,383,39,3,0,16
573e4d0eb795b,objTwoColors,#FF007F,331,0,79,20,5,0,16
5756ab1701ba0,objTwoColors,#FF007F,342,0,217,10,5,0,16
5713a02a13044,objTwoColors,#FF007F,343,0,150,14,3,0,16
5756ae6897296,objTwoColors,#FF007F,231,270,194,19,4,0,16
5739ff85289b2,objTwoColors,#FF007F,111,33,10,28,2,0,16
572767049ccfa,objTwoColors,#FF007F,5,116,118,12,4,0,16
573e4022949b1,objTwoColors,#FF007F,333,0,151,24,5,0,16
5740bda9be3dc,objTwoColors,#FF007F,342,306,363,61,5,0,16
5710ee9e58646,objTwoColors,#FF007F,226,355,333,24,3,0,16
5757fd2703090,objTwoColors,#FF007F,333,0,101,8,2,0,16
573c70dabcfe0,objTwoColors,#FF007F,348,0,535,28,2,0,16
573a059da0efd,objTwoColors,#FF007F,0,0,0,2,1,0,16
57581518c2c07,objTwoColors,#FF007F,75,326,258,19,4,0,16
57582b17cd76a,objTwoColors,#00FF00,58,191,72,27,3,0,17
5757fd2703090,objTwoColors,#00FF00,55,226,54,21,5,0,17
5739ff85289b2,objTwoColors,#00FF00,76,102,15,36,4,0,17
573e4022949b1,objTwoColors,#00FF00,120,0,93,16,5,0,17
5756b2d9bd658,objTwoColors,#00FF00,59,199,73,17,4,0,17
5740bda9be3dc,objTwoColors,#00FF00,56,198,111,17,5,0,17
5740e3f36a945,objTwoColors,#00FF00,93,0,152,22,3,0,17
5756ab1701ba0,objTwoColors,#00FF00,57,228,84,7,5,0,17
573c783748e8b,objTwoColors,#00FF00,111,118,492,29,3,0,17
5740b686127bb,objTwoColors,#00FF00,173,139,210,26,5,0,17
5711231e370f2,objTwoColors,#00FF00,0,149,460,25,4,0,17
5756ae6897296,objTwoColors,#00FF00,67,183,281,27,4,0,17
5740a8b59d448,objTwoColors,#00FF00,55,184,185,17,5,0,17
5710ee9e58646,objTwoColors,#00FF00,56,200,285,19,4,0,17
571151812791a,objTwoColors,#00FF00,58,179,88,9,3,0,17
574859b8f3379,objTwoColors,#00FF00,195,63,275,29,4,0,17
572c85675a5ef,objTwoColors,#00FF00,114,111,231,32,5,0,17
57581518c2c07,objTwoColors,#00FF00,53,234,380,28,4,0,17
573a059da0efd,objTwoColors,#00FF00,209,53,115,12,5,0,17
573a0b8280839,objTwoColors,#00FF00,0,32,25,5,3,0,17
573e47c26cb8e,objTwoColors,#00FF00,58,234,78,9,2,0,17
5740b0f8e9734,objTwoColors,#00FF00,130,0,272,23,5,0,17
572767049ccfa,objTwoColors,#00FF00,56,221,126,15,3,0,17
5757ffca0b4b1,objTwoColors,#00FF00,57,191,77,17,4,0,17
5713a02a13044,objTwoColors,#00FF00,0,137,459,56,2,0,17
573e4d0eb795b,objTwoColors,#00FF00,235,59,121,28,4,0,17
573edae85268b,objTwoColors,#00FF00,242,57,224,20,5,0,17
5740ad339507d,objTwoColors,#00FF00,228,67,205,14,3,0,17
573c70dabcfe0,objTwoColors,#00FF00,55,221,192,14,2,0,17
57582b17cd76a,twoColorsObj,#FF0000,#00FF00,#AF0049,724,65,2,0,18
573c783748e8b,twoColorsObj,#FF0000,#00FF00,#BFBE00,656,47,3,0,18
573e4022949b1,twoColorsObj,#FF0000,#00FF00,#B000FF,334,23,2,0,18
571151812791a,twoColorsObj,#FF0000,#00FF00,#c9b2a2,110,39,2,0,18
5713a02a13044,twoColorsObj,#FF0000,#00FF00,#808000,12,3,3,0,18
573e4d0eb795b,twoColorsObj,#FF0000,#00FF00,#D9FF00,166,20,4,0,18
5740b0f8e9734,twoColorsObj,#FF0000,#00FF00,#9C0083,821,68,3,0,18
5756b2d9bd658,twoColorsObj,#FF0000,#00FF00,#998077,249,25,4,0,18
5711231e370f2,twoColorsObj,#FF0000,#00FF00,#D7A700,18,13,4,0,18
5756ab1701ba0,twoColorsObj,#FF0000,#00FF00,#768F00,105,8,3,0,18
573edae85268b,twoColorsObj,#FF0000,#00FF00,#B000FF,1140,85,2,0,18
5710ee9e58646,twoColorsObj,#FF0000,#00FF00,#FFFF00,152,9,3,0,18
5757ffca0b4b1,twoColorsObj,#FF0000,#00FF00,#FF6700,109,11,2,0,18
5740bda9be3dc,twoColorsObj,#FF0000,#00FF00,#998077,314,45,5,0,18
5740a8b59d448,twoColorsObj,#FF0000,#00FF00,#978900,905,56,3,0,18
573a0b8280839,twoColorsObj,#FF0000,#00FF00,#998077,384,31,3,0,18
5757fd2703090,twoColorsObj,#FF0000,#00FF00,#FFFFFF,99,15,1,0,18
5739ff85289b2,twoColorsObj,#FF0000,#00FF00,#998077,8,11,3,0,18
572767049ccfa,twoColorsObj,#FF0000,#00FF00,#D9FF00,201,10,4,0,18
574859b8f3379,twoColorsObj,#FF0000,#00FF00,#BFBE00,754,68,4,0,18
5740b686127bb,twoColorsObj,#FF0000,#00FF00,#978900,120,31,4,0,18
573e47c26cb8e,twoColorsObj,#FF0000,#00FF00,#D9FF00,171,14,3,0,18
5740e3f36a945,twoColorsObj,#FF0000,#00FF00,#006C84,458,75,1,0,18
5756ae6897296,twoColorsObj,#FF0000,#00FF00,#978900,206,21,5,0,18
5740ad339507d,twoColorsObj,#FF0000,#00FF00,#D9FF00,273,24,3,0,18
572c85675a5ef,twoColorsObj,#FF0000,#00FF00,#FFFF00,11,9,5,0,18
573a059da0efd,twoColorsObj,#FF0000,#00FF00,#008DF8,388,64,3,0,18
57581518c2c07,twoColorsObj,#FF0000,#00FF00,#430096,76,8,3,0,18
573c70dabcfe0,twoColorsObj,#FF0000,#00FF00,#B000FF,304,20,3,0,18
573e4022949b1,twoColorsObj,#FF0000,#0000FF,#B000FF,218,35,2,0,19
5740b686127bb,twoColorsObj,#FF0000,#0000FF,#00FF77,47,7,4,0,19
5740b0f8e9734,twoColorsObj,#FF0000,#0000FF,#9C0083,107,10,5,0,19
574859b8f3379,twoColorsObj,#FF0000,#0000FF,#9200FF,81,8,4,0,19
5740ad339507d,twoColorsObj,#FF0000,#0000FF,#3F0091,83,7,3,0,19
5757fd2703090,twoColorsObj,#FF0000,#0000FF,#8A00FF,91,9,5,0,19
5756ae6897296,twoColorsObj,#FF0000,#0000FF,#998077,524,31,4,0,19
573c783748e8b,twoColorsObj,#FF0000,#0000FF,#998077,633,44,3,0,19
5711231e370f2,twoColorsObj,#FF0000,#0000FF,#ca0088,491,33,4,0,19
5740a8b59d448,twoColorsObj,#FF0000,#0000FF,#9200FF,399,21,3,0,19
572767049ccfa,twoColorsObj,#FF0000,#0000FF,#F000FF,124,10,3,0,19
57582b17cd76a,twoColorsObj,#FF0000,#0000FF,#9B00FF,107,25,2,0,19
5756ab1701ba0,twoColorsObj,#FF0000,#0000FF,#B00084,120,9,4,0,19
5739ff85289b2,twoColorsObj,#FF0000,#0000FF,#6500FF,8,33,2,0,19
5756b2d9bd658,twoColorsObj,#FF0000,#0000FF,#3F0091,245,17,5,0,19
573a059da0efd,twoColorsObj,#FF0000,#0000FF,#33E000,104,22,4,0,19
5710ee9e58646,twoColorsObj,#FF0000,#0000FF,#FB0080,146,17,3,0,19
573c70dabcfe0,twoColorsObj,#FF0000,#0000FF,#998077,304,22,3,0,19
573e4d0eb795b,twoColorsObj,#FF0000,#0000FF,#D9FF00,167,15,4,0,19
57581518c2c07,twoColorsObj,#FF0000,#0000FF,#430096,67,7,5,0,19
573edae85268b,twoColorsObj,#FF0000,#0000FF,#9C0083,452,38,3,0,19
5713a02a13044,twoColorsObj,#FF0000,#0000FF,#8000FF,247,13,4,0,19
5757ffca0b4b1,twoColorsObj,#FF0000,#0000FF,#430096,70,21,3,0,19
571151812791a,twoColorsObj,#FF0000,#0000FF,#c6aeff,93,34,3,0,19
572c85675a5ef,twoColorsObj,#FF0000,#0000FF,#FF0080,298,21,5,0,19
573e47c26cb8e,twoColorsObj,#FF0000,#0000FF,#00FF00,53,8,3,0,19
5740e3f36a945,twoColorsObj,#FF0000,#0000FF,#008788,447,70,2,0,19
5740bda9be3dc,twoColorsObj,#FF0000,#0000FF,#AE004F,1236,164,4,0,19
5740bda9be3dc,twoColorsObj,#00FF00,#0000FF,#768F00,372,40,5,0,20
574859b8f3379,twoColorsObj,#00FF00,#0000FF,#D9FF00,438,51,4,0,20
572767049ccfa,twoColorsObj,#00FF00,#0000FF,#F000FF,257,37,2,0,20
573e4022949b1,twoColorsObj,#00FF00,#0000FF,#B000FF,344,59,1,0,20
57582b17cd76a,twoColorsObj,#00FF00,#0000FF,#44E095,65,18,4,0,20
573c783748e8b,twoColorsObj,#00FF00,#0000FF,#998077,212,32,3,0,20
573e4d0eb795b,twoColorsObj,#00FF00,#0000FF,#9700FF,134,51,2,0,20
5710ee9e58646,twoColorsObj,#00FF00,#0000FF,#00caff,281,11,4,0,20
573c70dabcfe0,twoColorsObj,#00FF00,#0000FF,#006C84,26,17,3,0,20
57581518c2c07,twoColorsObj,#00FF00,#0000FF,#968C00,433,20,4,0,20
5711231e370f2,twoColorsObj,#00FF00,#0000FF,#91c01d,512,24,3,0,20
573edae85268b,twoColorsObj,#00FF00,#0000FF,#006C84,332,26,2,0,20
5757ffca0b4b1,twoColorsObj,#00FF00,#0000FF,#749300,244,33,2,0,20
5757fd2703090,twoColorsObj,#00FF00,#0000FF,#00B746,29,7,5,0,20
5740a8b59d448,twoColorsObj,#00FF00,#0000FF,#008788,907,53,2,0,20
573a059da0efd,twoColorsObj,#00FF00,#0000FF,#998077,221,20,5,0,20
5740ad339507d,twoColorsObj,#00FF00,#0000FF,#D9FF00,238,15,3,0,20
5756b2d9bd658,twoColorsObj,#00FF00,#0000FF,#006C84,275,18,4,0,20
5740b0f8e9734,twoColorsObj,#00FF00,#0000FF,#978900,342,24,4,0,20
5739ff85289b2,twoColorsObj,#00FF00,#0000FF,#FAFF00,45,29,3,0,20
571151812791a,twoColorsObj,#00FF00,#0000FF,#FFFF00,310,26,3,0,20
5756ae6897296,twoColorsObj,#00FF00,#0000FF,#00FFFF,128,15,5,0,20
5740b686127bb,twoColorsObj,#00FF00,#0000FF,#008788,35,7,4,0,20
5740e3f36a945,twoColorsObj,#00FF00,#0000FF,#006C84,390,52,2,0,20
5756ab1701ba0,twoColorsObj,#00FF00,#0000FF,#D9FF00,289,16,5,0,20
572c85675a5ef,twoColorsObj,#00FF00,#0000FF,#00FFFF,500,29,5,0,20
5713a02a13044,twoColorsObj,#00FF00,#0000FF,#B000FF,176,18,2,0,20
573e47c26cb8e,twoColorsObj,#00FF00,#0000FF,#8342FF,85,16,2,0,20
5757ffca0b4b1,twoColorsObj,#FF0000,#00FFFF,#8A00FF,168,25,3,0,21
571151812791a,twoColorsObj,#FF0000,#00FFFF,#ca8aaa,160,9,3,0,21
5740b0f8e9734,twoColorsObj,#FF0000,#00FFFF,#AE004F,147,16,4,0,21
5740ad339507d,twoColorsObj,#FF0000,#00FFFF,#9700FF,154,16,3,0,21
574859b8f3379,twoColorsObj,#FF0000,#00FFFF,#B000FF,463,33,3,0,21
572c85675a5ef,twoColorsObj,#FF0000,#00FFFF,#FF9F00,55,24,3,0,21
573edae85268b,twoColorsObj,#FF0000,#00FFFF,#F500FF,649,68,3,0,21
573e47c26cb8e,twoColorsObj,#FF0000,#00FFFF,#8342FF,421,29,2,0,21
573a0b8280839,twoColorsObj,#FF0000,#00FFFF,#9700FF,204,24,3,0,21
5740bda9be3dc,twoColorsObj,#FF0000,#00FFFF,#998077,547,114,5,0,21
5739ff85289b2,twoColorsObj,#FF0000,#00FFFF,#008788,1,9,2,0,21
5756ab1701ba0,twoColorsObj,#FF0000,#00FFFF,#E26AA4,350,29,4,0,21
5713a02a13044,twoColorsObj,#FF0000,#00FFFF,#7f00ff,131,52,2,0,21
573c783748e8b,twoColorsObj,#FF0000,#00FFFF,#00B146,66,11,3,0,21
573e4022949b1,twoColorsObj,#FF0000,#00FFFF,#3F0091,372,79,2,0,21
5756b2d9bd658,twoColorsObj,#FF0000,#00FFFF,#8342FF,248,40,1,0,21
573e4d0eb795b,twoColorsObj,#FF0000,#00FFFF,#00FF00,57,13,4,0,21
5757fd2703090,twoColorsObj,#FF0000,#00FFFF,#9B00FF,92,10,5,0,21
57582b17cd76a,twoColorsObj,#FF0000,#00FFFF,#9F0084,108,19,3,0,21
57581518c2c07,twoColorsObj,#FF0000,#00FFFF,#E361A2,180,12,4,0,21
5740b686127bb,twoColorsObj,#FF0000,#00FFFF,#6500FF,141,15,4,0,21
573a059da0efd,twoColorsObj,#FF0000,#00FFFF,#33E000,177,16,5,0,21
5740e3f36a945,twoColorsObj,#FF0000,#00FFFF,#3F0091,109,14,1,0,21
5711231e370f2,twoColorsObj,#FF0000,#00FFFF,#c9b2a2,368,144,2,0,21
5710ee9e58646,twoColorsObj,#FF0000,#00FFFF,#FF0080,222,31,3,0,21
5756ae6897296,twoColorsObj,#FF0000,#00FFFF,#F000FF,128,8,4,0,21
572767049ccfa,twoColorsObj,#FF0000,#00FFFF,#008788,24,12,3,0,21
573c70dabcfe0,twoColorsObj,#FF0000,#00FFFF,#00A89E,57,10,3,0,21
5740a8b59d448,twoColorsObj,#FF0000,#00FFFF,#B000FF,386,31,4,0,21
573e47c26cb8e,twoColorsObj,#FF0000,#FF00FF,#8342FF,185,20,2,0,22
5756b2d9bd658,twoColorsObj,#FF0000,#FF00FF,#B00084,208,19,4,0,22
5740ad339507d,twoColorsObj,#FF0000,#FF00FF,#8342FF,179,15,3,0,22
5757fd2703090,twoColorsObj,#FF0000,#FF00FF,#9B00FF,115,10,5,0,22
5740b686127bb,twoColorsObj,#FF0000,#FF00FF,#9C0083,206,46,3,0,22
573a059da0efd,twoColorsObj,#FF0000,#FF00FF,#3F0091,110,19,3,0,22
5740a8b59d448,twoColorsObj,#FF0000,#FF00FF,#AE004F,437,21,3,0,22
5713a02a13044,twoColorsObj,#FF0000,#FF00FF,#FF0050,140,275,3,0,22
5756ae6897296,twoColorsObj,#FF0000,#FF00FF,#F5007E,187,25,4,0,22
5740bda9be3dc,twoColorsObj,#FF0000,#FF00FF,#9C0083,170,48,4,0,22
573edae85268b,twoColorsObj,#FF0000,#FF00FF,#B000FF,315,35,3,0,22
573a0b8280839,twoColorsObj,#FF0000,#FF00FF,#3F0091,160,24,3,0,22
5711231e370f2,twoColorsObj,#FF0000,#FF00FF,#ca0088,273,16,4,0,22
5757ffca0b4b1,twoColorsObj,#FF0000,#FF00FF,#9B00FF,142,14,4,0,22
574859b8f3379,twoColorsObj,#FF0000,#FF00FF,#F5007E,222,29,3,0,22
572c85675a5ef,twoColorsObj,#FF0000,#FF00FF,#ff007f,197,44,4,0,22
57581518c2c07,twoColorsObj,#FF0000,#FF00FF,#8A00FF,68,20,3,0,22
5740e3f36a945,twoColorsObj,#FF0000,#FF00FF,#9200FF,184,32,2,0,22
573c70dabcfe0,twoColorsObj,#FF0000,#FF00FF,#008788,88,8,3,0,22
572767049ccfa,twoColorsObj,#FF0000,#FF00FF,#D9FF00,203,11,2,0,22
57582b17cd76a,twoColorsObj,#FF0000,#FF00FF,#AF0049,237,52,2,0,22
573c783748e8b,twoColorsObj,#FF0000,#FF00FF,#008788,204,27,3,0,22
573e4d0eb795b,twoColorsObj,#FF0000,#FF00FF,#9700FF,118,43,3,0,22
5756ab1701ba0,twoColorsObj,#FF0000,#FF00FF,#9C0083,69,6,4,0,22
5710ee9e58646,twoColorsObj,#FF0000,#FF00FF,#FF0080,171,8,4,0,22
571151812791a,twoColorsObj,#FF0000,#FF00FF,#FF8080,129,12,1,0,22
5740b0f8e9734,twoColorsObj,#FF0000,#FF00FF,#9C0083,137,18,4,0,22
573e4022949b1,twoColorsObj,#FF0000,#FF00FF,#9700FF,117,12,2,0,22
57582b17cd76a,twoColorsObj,#FF0000,#FFFF00,#FF6700,136,11,4,0,23
574859b8f3379,twoColorsObj,#FF0000,#FFFF00,#978900,878,50,3,0,23
5740a8b59d448,twoColorsObj,#FF0000,#FFFF00,#E8A362,299,16,3,0,23
5740b686127bb,twoColorsObj,#FF0000,#FFFF00,#E8A362,272,17,4,0,23
573e47c26cb8e,twoColorsObj,#FF0000,#FFFF00,#E576FF,182,18,2,0,23
57581518c2c07,twoColorsObj,#FF0000,#FFFF00,#E8A352,364,30,4,0,23
5757fd2703090,twoColorsObj,#FF0000,#FFFF00,#FF6700,58,5,5,0,23
5756ae6897296,twoColorsObj,#FF0000,#FFFF00,#E8A362,278,18,4,0,23
5756b2d9bd658,twoColorsObj,#FF0000,#FFFF00,#E8A362,813,59,2,0,23
573a059da0efd,twoColorsObj,#FF0000,#FFFF00,#FFFFFF,0,49,1,0,23
5740e3f36a945,twoColorsObj,#FF0000,#FFFF00,#768F00,173,36,2,0,23
5757ffca0b4b1,twoColorsObj,#FF0000,#FFFF00,#FF8600,131,21,3,0,23
5713a02a13044,twoColorsObj,#FF0000,#FFFF00,#FF6F00,35,9,3,0,23
573edae85268b,twoColorsObj,#FF0000,#FFFF00,#B00084,1502,194,3,0,23
5740ad339507d,twoColorsObj,#FF0000,#FFFF00,#9C0083,253,20,3,0,23
5740bda9be3dc,twoColorsObj,#FF0000,#FFFF00,#998077,202,28,5,0,23
571151812791a,twoColorsObj,#FF0000,#FFFF00,#FF6F00,22,8,5,0,23
5711231e370f2,twoColorsObj,#FF0000,#FFFF00,#FF6F00,414,132,3,0,23
573c783748e8b,twoColorsObj,#FF0000,#FFFF00,#33E000,37,4,3,0,23
572767049ccfa,twoColorsObj,#FF0000,#FFFF00,#3F0091,661,51,2,0,23
573e4d0eb795b,twoColorsObj,#FF0000,#FFFF00,#00FF9C,41,43,3,0,23
572c85675a5ef,twoColorsObj,#FF0000,#FFFF00,#FF6F00,308,63,4,0,23
5740b0f8e9734,twoColorsObj,#FF0000,#FFFF00,#9C0083,698,50,3,0,23
5710ee9e58646,twoColorsObj,#FF0000,#FFFF00,#FF6F00,291,25,5,0,23
573c70dabcfe0,twoColorsObj,#FF0000,#FFFF00,#3F0091,95,36,3,0,23
573e4022949b1,twoColorsObj,#FF0000,#FFFF00,#9C66C4,232,29,2,0,23
5756ab1701ba0,twoColorsObj,#FF0000,#FFFF00,#B000FF,161,8,4,0,23
5756b2d9bd658,twoColorsObj,#00FFFF,#FF00FF,#9700FF,167,32,4,0,24
57582b17cd76a,twoColorsObj,#00FFFF,#FF00FF,#E963FF,274,45,2,0,24
573e47c26cb8e,twoColorsObj,#00FFFF,#FF00FF,#798DAB,80,13,2,0,24
573e4d0eb795b,twoColorsObj,#00FFFF,#FF00FF,#8342FF,144,27,4,0,24
573c783748e8b,twoColorsObj,#00FFFF,#FF00FF,#006C84,14,12,3,0,24
573edae85268b,twoColorsObj,#00FFFF,#FF00FF,#B000FF,894,168,3,0,24
573c70dabcfe0,twoColorsObj,#00FFFF,#FF00FF,#6500FF,185,43,4,0,24
5710ee9e58646,twoColorsObj,#00FFFF,#FF00FF,#B000FF,379,19,3,0,24
5740a8b59d448,twoColorsObj,#00FFFF,#FF00FF,#8342FF,189,10,4,0,24
5740ad339507d,twoColorsObj,#00FFFF,#FF00FF,#978900,287,16,2,0,24
573a059da0efd,twoColorsObj,#00FFFF,#FF00FF,#FFFFFF,79,42,1,0,24
5739ff85289b2,twoColorsObj,#00FFFF,#FF00FF,#8342FF,169,34,2,0,24
5740b0f8e9734,twoColorsObj,#00FFFF,#FF00FF,#9700FF,171,18,5,0,24
5740b686127bb,twoColorsObj,#00FFFF,#FF00FF,#6500FF,138,17,4,0,24
5740bda9be3dc,twoColorsObj,#00FFFF,#FF00FF,#9C66C4,305,44,5,0,24
572c85675a5ef,twoColorsObj,#00FFFF,#FF00FF,#00ffb7,359,117,2,0,24
572767049ccfa,twoColorsObj,#00FFFF,#FF00FF,#51DF00,633,56,3,0,24
5740e3f36a945,twoColorsObj,#00FFFF,#FF00FF,#6500FF,145,27,2,0,24
574859b8f3379,twoColorsObj,#00FFFF,#FF00FF,#9C66C4,2389,138,2,0,24
5713a02a13044,twoColorsObj,#00FFFF,#FF00FF,#7d93a6,153,16,2,0,24
5756ab1701ba0,twoColorsObj,#00FFFF,#FF00FF,#B00084,187,17,5,0,24
5756ae6897296,twoColorsObj,#00FFFF,#FF00FF,#B000FF,251,20,4,0,24
571151812791a,twoColorsObj,#00FFFF,#FF00FF,#FB0080,259,80,1,0,24
5711231e370f2,twoColorsObj,#00FFFF,#FF00FF,#c6aeff,294,42,2,0,24
5757fd2703090,twoColorsObj,#00FFFF,#FF00FF,#FFFFFF,317,25,2,0,24
5757ffca0b4b1,twoColorsObj,#00FFFF,#FF00FF,#B20084,178,23,4,0,24
57581518c2c07,twoColorsObj,#00FFFF,#FF00FF,#9E5DC8,71,5,5,0,24
573e4022949b1,twoColorsObj,#00FFFF,#FF00FF,#E26AA4,128,11,3,0,24
5740b0f8e9734,twoColorsObj,#FF00FF,#FFFF00,#9C0083,124,18,4,0,25
5756ae6897296,twoColorsObj,#FF00FF,#FFFF00,#00A89E,812,56,3,0,25
5713a02a13044,twoColorsObj,#FF00FF,#FFFF00,#c6aeff,140,22,2,0,25
5740b686127bb,twoColorsObj,#FF00FF,#FFFF00,#E8A362,792,80,2,0,25
57582b17cd76a,twoColorsObj,#FF00FF,#FFFF00,#FF6700,133,16,3,0,25
57581518c2c07,twoColorsObj,#FF00FF,#FFFF00,#430096,47,8,4,0,25
573c783748e8b,twoColorsObj,#FF00FF,#FFFF00,#008788,42,60,3,0,25
5740bda9be3dc,twoColorsObj,#FF00FF,#FFFF00,#E26AA4,1266,264,2,0,25
573e4d0eb795b,twoColorsObj,#FF00FF,#FFFF00,#00FF00,36,15,3,0,25
574859b8f3379,twoColorsObj,#FF00FF,#FFFF00,#AE004F,719,76,2,0,25
5757ffca0b4b1,twoColorsObj,#FF00FF,#FFFF00,#FF6700,121,14,3,0,25
573e4022949b1,twoColorsObj,#FF00FF,#FFFF00,#BFBE00,342,43,2,0,25
573c70dabcfe0,twoColorsObj,#FF00FF,#FFFF00,#9C66C4,216,45,3,0,25
571151812791a,twoColorsObj,#FF00FF,#FFFF00,#ffa6a6,114,14,1,0,25
5711231e370f2,twoColorsObj,#FF00FF,#FFFF00,#FF6F00,729,81,3,0,25
5740a8b59d448,twoColorsObj,#FF00FF,#FFFF00,#E8A362,889,44,3,0,25
5740e3f36a945,twoColorsObj,#FF00FF,#FFFF00,#008788,17,11,2,0,25
5756ab1701ba0,twoColorsObj,#FF00FF,#FFFF00,#AE004F,664,37,3,0,25
5757fd2703090,twoColorsObj,#FF00FF,#FFFF00,#FF6700,244,44,3,0,25
5756b2d9bd658,twoColorsObj,#FF00FF,#FFFF00,#E26AA4,239,42,4,0,25
572767049ccfa,twoColorsObj,#FF00FF,#FFFF00,#008788,14,19,2,0,25
573a059da0efd,twoColorsObj,#FF00FF,#FFFF00,#FFFFFF,0,54,1,0,25
5710ee9e58646,twoColorsObj,#FF00FF,#FFFF00,#FF6755,257,45,3,0,25
5740ad339507d,twoColorsObj,#FF00FF,#FFFF00,#00FFFF,134,14,3,0,25
572c85675a5ef,twoColorsObj,#FF00FF,#FFFF00,#ff007f,424,60,3,0,25
573e47c26cb8e,twoColorsObj,#FF00FF,#FFFF00,#00FF77,99,10,2,0,25
573edae85268b,twoColorsObj,#FF00FF,#FFFF00,#008788,593,86,4,0,25
573a059da0efd,twoColorsObj,#00FF00,#00FFFF,#EFFF00,259,26,5,0,26
571151812791a,twoColorsObj,#00FF00,#00FFFF,#FFFF00,71,14,3,0,26
5757fd2703090,twoColorsObj,#00FF00,#00FFFF,#00FF9C,39,6,5,0,26
5711231e370f2,twoColorsObj,#00FF00,#00FFFF,#46ff9c,273,19,4,0,26
573e4022949b1,twoColorsObj,#00FF00,#00FFFF,#8342FF,163,18,2,0,26
5740a8b59d448,twoColorsObj,#00FF00,#00FFFF,#00A89E,205,14,3,0,26
572767049ccfa,twoColorsObj,#00FF00,#00FFFF,#FFFFFF,0,44,1,0,26
574859b8f3379,twoColorsObj,#00FF00,#00FFFF,#008788,23,42,3,0,26
573e47c26cb8e,twoColorsObj,#00FF00,#00FFFF,#798DAB,93,10,2,0,26
572c85675a5ef,twoColorsObj,#00FF00,#00FFFF,#00ffb7,491,242,4,0,26
57582b17cd76a,twoColorsObj,#00FF00,#00FFFF,#00FFC5,25,11,4,0,26
5740bda9be3dc,twoColorsObj,#00FF00,#00FFFF,#EFFF00,282,42,5,0,26
5713a02a13044,twoColorsObj,#00FF00,#00FFFF,#008080,115,32,3,0,26
5740e3f36a945,twoColorsObj,#00FF00,#00FFFF,#008788,28,14,1,0,26
5740b686127bb,twoColorsObj,#00FF00,#00FFFF,#00B146,70,17,4,0,26
5710ee9e58646,twoColorsObj,#00FF00,#00FFFF,#46ff9c,151,26,4,0,26
573e4d0eb795b,twoColorsObj,#00FF00,#00FFFF,#D9FF00,246,65,4,0,26
5756ab1701ba0,twoColorsObj,#00FF00,#00FFFF,#D9FF00,291,18,5,0,26
5756ae6897296,twoColorsObj,#00FF00,#00FFFF,#00FFC0,85,14,5,0,26
57581518c2c07,twoColorsObj,#00FF00,#00FFFF,#749300,82,8,4,0,26
573c70dabcfe0,twoColorsObj,#00FF00,#00FFFF,#008788,62,15,2,0,26
5739ff85289b2,twoColorsObj,#00FF00,#00FFFF,#FAFF00,13,14,4,0,26
573c783748e8b,twoColorsObj,#00FF00,#00FFFF,#00FF6B,59,9,3,0,26
5740b0f8e9734,twoColorsObj,#00FF00,#00FFFF,#008788,45,12,5,0,26
5756b2d9bd658,twoColorsObj,#00FF00,#00FFFF,#00FF9C,156,20,4,0,26
5740ad339507d,twoColorsObj,#00FF00,#00FFFF,#008788,14,7,3,0,26
5757ffca0b4b1,twoColorsObj,#00FF00,#00FFFF,#00ABA2,50,15,2,0,26
573edae85268b,twoColorsObj,#00FF00,#00FFFF,#00FFC0,515,48,4,0,26
5756b2d9bd658,twoColorsObj,#00FF00,#FF00FF,#AE004F,192,20,3,0,27
5756ab1701ba0,twoColorsObj,#00FF00,#FF00FF,#998077,901,73,2,0,27
574859b8f3379,twoColorsObj,#00FF00,#FF00FF,#3F0091,395,44,3,0,27
571151812791a,twoColorsObj,#00FF00,#FF00FF,#808080,239,11,3,0,27
573e4022949b1,twoColorsObj,#00FF00,#FF00FF,#8342FF,99,18,2,0,27
573a059da0efd,twoColorsObj,#00FF00,#FF00FF,#FFFFFF,0,40,1,0,27
5757fd2703090,twoColorsObj,#00FF00,#FF00FF,#7100FF,288,43,3,0,27
5756ae6897296,twoColorsObj,#00FF00,#FF00FF,#9200FF,186,31,4,0,27
5740a8b59d448,twoColorsObj,#00FF00,#FF00FF,#978900,173,19,3,0,27
5757ffca0b4b1,twoColorsObj,#00FF00,#FF00FF,#AF0049,345,46,3,0,27
573c783748e8b,twoColorsObj,#00FF00,#FF00FF,#006C84,929,47,3,0,27
572c85675a5ef,twoColorsObj,#00FF00,#FF00FF,#c9ab00,66,62,1,0,27
573e47c26cb8e,twoColorsObj,#00FF00,#FF00FF,#CDB196,222,33,1,0,27
572767049ccfa,twoColorsObj,#00FF00,#FF00FF,#7E7E7E,156,14,4,0,27
5740bda9be3dc,twoColorsObj,#00FF00,#FF00FF,#CDB196,257,63,5,0,27
5711231e370f2,twoColorsObj,#00FF00,#FF00FF,#FF6755,1375,56,2,0,27
573e4d0eb795b,twoColorsObj,#00FF00,#FF00FF,#D9FF00,166,15,2,0,27
57581518c2c07,twoColorsObj,#00FF00,#FF00FF,#006EFF,20,11,4,0,27
5740e3f36a945,twoColorsObj,#00FF00,#FF00FF,#978900,589,117,1,0,27
573c70dabcfe0,twoColorsObj,#00FF00,#FF00FF,#9700FF,74,10,2,0,27
5713a02a13044,twoColorsObj,#00FF00,#FF00FF,#7f00ff,144,34,3,0,27
57582b17cd76a,twoColorsObj,#00FF00,#FF00FF,#749300,310,79,1,0,27
5740b686127bb,twoColorsObj,#00FF00,#FF00FF,#768F00,167,27,4,0,27
5710ee9e58646,twoColorsObj,#00FF00,#FF00FF,#0000FF,348,23,2,0,27
573edae85268b,twoColorsObj,#00FF00,#FF00FF,#9700FF,466,36,2,0,27
5740ad339507d,twoColorsObj,#00FF00,#FF00FF,#006C84,14,6,3,0,27
5739ff85289b2,twoColorsObj,#00FF00,#FF00FF,#6500FF,5,33,3,0,27
5740b0f8e9734,twoColorsObj,#00FF00,#FF00FF,#9C0083,596,40,5,0,27
5756ae6897296,twoColorsObj,#00FF00,#FFFF00,#00FFC0,113,13,4,0,28
573edae85268b,twoColorsObj,#00FF00,#FFFF00,#00FFC0,544,56,4,0,28
5740b686127bb,twoColorsObj,#00FF00,#FFFF00,#00FF6B,223,33,2,0,28
57582b17cd76a,twoColorsObj,#00FF00,#FFFF00,#00FF77,62,23,3,0,28
573c70dabcfe0,twoColorsObj,#00FF00,#FFFF00,#E8A362,265,18,3,0,28
5756b2d9bd658,twoColorsObj,#00FF00,#FFFF00,#BFBE00,751,89,1,0,28
5740b0f8e9734,twoColorsObj,#00FF00,#FFFF00,#978900,129,13,5,0,28
573e47c26cb8e,twoColorsObj,#00FF00,#FFFF00,#00FF77,54,81,3,0,28
5756ab1701ba0,twoColorsObj,#00FF00,#FFFF00,#0087FF,32,6,4,0,28
5710ee9e58646,twoColorsObj,#00FF00,#FFFF00,#0080FF,133,13,4,0,28
5739ff85289b2,twoColorsObj,#00FF00,#FFFF00,#00FF77,4,14,2,0,28
571151812791a,twoColorsObj,#00FF00,#FFFF00,#00caff,67,7,3,0,28
5740ad339507d,twoColorsObj,#00FF00,#FFFF00,#6500FF,475,23,3,0,28
5757fd2703090,twoColorsObj,#00FF00,#FFFF00,#00FFFF,75,13,5,0,28
573e4022949b1,twoColorsObj,#00FF00,#FFFF00,#998077,239,23,3,0,28
573a059da0efd,twoColorsObj,#00FF00,#FFFF00,#978900,164,60,3,0,28
5711231e370f2,twoColorsObj,#00FF00,#FFFF00,#aeff00,284,16,4,0,28
5740a8b59d448,twoColorsObj,#00FF00,#FFFF00,#00FF6B,572,33,3,0,28
57581518c2c07,twoColorsObj,#00FF00,#FFFF00,#0059FF,36,8,5,0,28
572c85675a5ef,twoColorsObj,#00FF00,#FFFF00,#c4ff9e,304,49,2,0,28
5740bda9be3dc,twoColorsObj,#00FF00,#FFFF00,#74FF88,764,84,5,0,28
574859b8f3379,twoColorsObj,#00FF00,#FFFF00,#768F00,792,58,1,0,28
573c783748e8b,twoColorsObj,#00FF00,#FFFF00,#998077,504,33,3,0,28
5713a02a13044,twoColorsObj,#00FF00,#FFFF00,#00caff,183,42,2,0,28
572767049ccfa,twoColorsObj,#00FF00,#FFFF00,#978900,123,21,3,0,28
5757ffca0b4b1,twoColorsObj,#00FF00,#FFFF00,#BCC400,221,27,4,0,28
573e4d0eb795b,twoColorsObj,#00FF00,#FFFF00,#00A89E,27,17,4,0,28
5740e3f36a945,twoColorsObj,#00FF00,#FFFF00,#BFBE00,258,52,1,0,28
5756ae6897296,twoColorsObj,#0000FF,#00FFFF,#0070FF,642,40,3,0,29
5740e3f36a945,twoColorsObj,#0000FF,#00FFFF,#006C84,378,62,1,0,29
572767049ccfa,twoColorsObj,#0000FF,#00FFFF,#006C84,590,26,3,0,29
5740bda9be3dc,twoColorsObj,#0000FF,#00FFFF,#0087FF,403,46,5,0,29
5713a02a13044,twoColorsObj,#0000FF,#00FFFF,#0000FF,91,7,3,0,29
5756ab1701ba0,twoColorsObj,#0000FF,#00FFFF,#008DF8,19,4,5,0,29
5740b686127bb,twoColorsObj,#0000FF,#00FFFF,#0087FF,18,5,4,0,29
572c85675a5ef,twoColorsObj,#0000FF,#00FFFF,#00acff,173,17,4,0,29
57582b17cd76a,twoColorsObj,#0000FF,#00FFFF,#0088FF,18,16,5,0,29
573e4022949b1,twoColorsObj,#0000FF,#00FFFF,#0087FF,73,8,5,0,29
5740b0f8e9734,twoColorsObj,#0000FF,#00FFFF,#0070FF,697,71,4,0,29
571151812791a,twoColorsObj,#0000FF,#00FFFF,#00acff,281,12,3,0,29
5739ff85289b2,twoColorsObj,#0000FF,#00FFFF,#9700FF,11,30,2,0,29
5756b2d9bd658,twoColorsObj,#0000FF,#00FFFF,#00A4FF,81,23,3,0,29
5740ad339507d,twoColorsObj,#0000FF,#00FFFF,#6500FF,195,14,2,0,29
5757fd2703090,twoColorsObj,#0000FF,#00FFFF,#7E7E7E,223,14,4,0,29
573a059da0efd,twoColorsObj,#0000FF,#00FFFF,#00A4FF,39,45,3,0,29
5740a8b59d448,twoColorsObj,#0000FF,#00FFFF,#006C84,705,35,4,0,29
573c783748e8b,twoColorsObj,#0000FF,#00FFFF,#00A4FF,23,7,3,0,29
573a0b8280839,twoColorsObj,#0000FF,#00FFFF,#0087FF,52,22,3,0,29
573edae85268b,twoColorsObj,#0000FF,#00FFFF,#0087FF,386,48,4,0,29
5757ffca0b4b1,twoColorsObj,#0000FF,#00FFFF,#00ABA2,48,10,3,0,29
5711231e370f2,twoColorsObj,#0000FF,#00FFFF,#0080FF,250,25,4,0,29
573c70dabcfe0,twoColorsObj,#0000FF,#00FFFF,#00B146,55,9,3,0,29
573e4d0eb795b,twoColorsObj,#0000FF,#00FFFF,#00FF6B,19,5,4,0,29
57581518c2c07,twoColorsObj,#0000FF,#00FFFF,#00FF9C,31,14,5,0,29
5710ee9e58646,twoColorsObj,#0000FF,#00FFFF,#00acff,635,30,3,0,29
573e47c26cb8e,twoColorsObj,#0000FF,#00FFFF,#008DF8,22,4,3,0,29
574859b8f3379,twoColorsObj,#0000FF,#00FFFF,#008DF8,344,26,3,0,29
5740b686127bb,twoColorsObj,#0000FF,#FF00FF,#3F0091,114,11,4,0,30
573a0b8280839,twoColorsObj,#0000FF,#FF00FF,#3F0091,94,18,3,0,30
573c70dabcfe0,twoColorsObj,#0000FF,#FF00FF,#B00084,183,13,2,0,30
5740b0f8e9734,twoColorsObj,#0000FF,#FF00FF,#9700FF,62,12,4,0,30
5711231e370f2,twoColorsObj,#0000FF,#FF00FF,#8000FF,262,20,3,0,30
5756b2d9bd658,twoColorsObj,#0000FF,#FF00FF,#B000FF,398,44,4,0,30
574859b8f3379,twoColorsObj,#0000FF,#FF00FF,#8342FF,257,32,3,0,30
573c783748e8b,twoColorsObj,#0000FF,#FF00FF,#E8A362,330,48,3,0,30
57581518c2c07,twoColorsObj,#0000FF,#FF00FF,#9B00FF,95,10,1,0,30
5756ae6897296,twoColorsObj,#0000FF,#FF00FF,#B000FF,215,33,4,0,30
573edae85268b,twoColorsObj,#0000FF,#FF00FF,#9700FF,196,25,4,0,30
573e4022949b1,twoColorsObj,#0000FF,#FF00FF,#9700FF,143,14,3,0,30
573e47c26cb8e,twoColorsObj,#0000FF,#FF00FF,#8342FF,132,18,2,0,30
5740e3f36a945,twoColorsObj,#0000FF,#FF00FF,#3F0091,115,26,2,0,30
5757fd2703090,twoColorsObj,#0000FF,#FF00FF,#430096,59,7,5,0,30
5713a02a13044,twoColorsObj,#0000FF,#FF00FF,#7f00ff,145,11,3,0,30
573a059da0efd,twoColorsObj,#0000FF,#FF00FF,#FFFFFF,0,6,1,0,30
5740bda9be3dc,twoColorsObj,#0000FF,#FF00FF,#9C0083,254,55,5,0,30
5740a8b59d448,twoColorsObj,#0000FF,#FF00FF,#9700FF,176,11,4,0,30
5756ab1701ba0,twoColorsObj,#0000FF,#FF00FF,#9C0083,176,12,5,0,30
57582b17cd76a,twoColorsObj,#0000FF,#FF00FF,#9D00FF,69,11,3,0,30
572767049ccfa,twoColorsObj,#0000FF,#FF00FF,#6500FF,92,30,3,0,30
5710ee9e58646,twoColorsObj,#0000FF,#FF00FF,#800080,222,11,4,0,30
573e4d0eb795b,twoColorsObj,#0000FF,#FF00FF,#D9FF00,172,40,4,0,30
571151812791a,twoColorsObj,#0000FF,#FF00FF,#8000FF,125,11,2,0,30
5757ffca0b4b1,twoColorsObj,#0000FF,#FF00FF,#7100FF,92,14,4,0,30
572c85675a5ef,twoColorsObj,#0000FF,#FF00FF,#7f00ff,226,40,2,0,30
5740ad339507d,twoColorsObj,#0000FF,#FF00FF,#9200FF,174,16,4,0,30
573edae85268b,twoColorsObj,#0000FF,#FFFF00,#00A89E,711,54,3,0,31
5757ffca0b4b1,twoColorsObj,#0000FF,#FFFF00,#749300,186,22,3,0,31
571151812791a,twoColorsObj,#0000FF,#FFFF00,#aeff00,117,12,3,0,31
5740ad339507d,twoColorsObj,#0000FF,#FFFF00,#00FF9C,47,6,3,0,31
573c70dabcfe0,twoColorsObj,#0000FF,#FFFF00,#E576FF,188,19,3,0,31
573a059da0efd,twoColorsObj,#0000FF,#FFFF00,#998077,404,41,5,0,31
57581518c2c07,twoColorsObj,#0000FF,#FFFF00,#00FF77,62,14,5,0,31
5756b2d9bd658,twoColorsObj,#0000FF,#FFFF00,#006C84,334,38,4,0,31
5739ff85289b2,twoColorsObj,#0000FF,#FFFF00,#FAFF00,64,19,5,0,31
5740b0f8e9734,twoColorsObj,#0000FF,#FFFF00,#00A89E,60,15,4,0,31
572767049ccfa,twoColorsObj,#0000FF,#FFFF00,#998077,148,25,2,0,31
5710ee9e58646,twoColorsObj,#0000FF,#FFFF00,#00FF00,236,10,4,0,31
5756ae6897296,twoColorsObj,#0000FF,#FFFF00,#00FFFF,119,10,4,0,31
573e4d0eb795b,twoColorsObj,#0000FF,#FFFF00,#00FF00,39,6,4,0,31
5740e3f36a945,twoColorsObj,#0000FF,#FFFF00,#00A89E,41,14,2,0,31
5740b686127bb,twoColorsObj,#0000FF,#FFFF00,#008788,87,19,5,0,31
574859b8f3379,twoColorsObj,#0000FF,#FFFF00,#00B146,82,8,4,0,31
57582b17cd76a,twoColorsObj,#0000FF,#FFFF00,#00FF77,39,11,4,0,31
5756ab1701ba0,twoColorsObj,#0000FF,#FFFF00,#00FF00,38,5,4,0,31
5740bda9be3dc,twoColorsObj,#0000FF,#FFFF00,#51DF00,300,24,5,0,31
572c85675a5ef,twoColorsObj,#0000FF,#FFFF00,#00acff,802,96,2,0,31
5713a02a13044,twoColorsObj,#0000FF,#FFFF00,#91c01d,151,10,3,0,31
573e4022949b1,twoColorsObj,#0000FF,#FFFF00,#00B146,194,43,2,0,31
573c783748e8b,twoColorsObj,#0000FF,#FFFF00,#998077,201,15,3,0,31
5740a8b59d448,twoColorsObj,#0000FF,#FFFF00,#51DF00,523,27,4,0,31
573e47c26cb8e,twoColorsObj,#0000FF,#FFFF00,#768F00,145,13,2,0,31
5757fd2703090,twoColorsObj,#0000FF,#FFFF00,#00B746,45,6,5,0,31
5711231e370f2,twoColorsObj,#0000FF,#FFFF00,#808000,12,23,3,0,31
571151812791a,twoColorsObj,#00FFFF,#FFFF00,#00FF00,154,10,3,0,32
572c85675a5ef,twoColorsObj,#00FFFF,#FFFF00,#6effa3,593,89,2,0,32
573edae85268b,twoColorsObj,#00FFFF,#FFFF00,#00FF00,47,8,4,0,32
573e4022949b1,twoColorsObj,#00FFFF,#FFFF00,#51DF00,46,16,3,0,32
57582b17cd76a,twoColorsObj,#00FFFF,#FFFF00,#00FF77,37,7,4,0,32
5740ad339507d,twoColorsObj,#00FFFF,#FFFF00,#4CDB95,117,12,3,0,32
5756b2d9bd658,twoColorsObj,#00FFFF,#FFFF00,#00FFC0,109,24,4,0,32
5740a8b59d448,twoColorsObj,#00FFFF,#FFFF00,#51DF00,256,20,3,0,32
573a059da0efd,twoColorsObj,#00FFFF,#FFFF00,#998077,644,50,4,0,32
5713a02a13044,twoColorsObj,#00FFFF,#FFFF00,#ab00ff,136,11,2,0,32
5740e3f36a945,twoColorsObj,#00FFFF,#FFFF00,#00B146,80,21,2,0,32
5757ffca0b4b1,twoColorsObj,#00FFFF,#FFFF00,#FF8600,218,27,3,0,32
5710ee9e58646,twoColorsObj,#00FFFF,#FFFF00,#80FF00,183,9,3,0,32
573c70dabcfe0,twoColorsObj,#00FFFF,#FFFF00,#33E000,290,88,3,0,32
5740b686127bb,twoColorsObj,#00FFFF,#FFFF00,#00FF00,115,12,4,0,32
572767049ccfa,twoColorsObj,#00FFFF,#FFFF00,#74FF88,449,68,1,0,32
57581518c2c07,twoColorsObj,#00FFFF,#FFFF00,#968C00,115,12,4,0,32
574859b8f3379,twoColorsObj,#00FFFF,#FFFF00,#33E000,133,9,4,0,32
5756ae6897296,twoColorsObj,#00FFFF,#FFFF00,#00FF77,190,17,4,0,32
5757fd2703090,twoColorsObj,#00FFFF,#FFFF00,#00FF77,50,10,5,0,32
5756ab1701ba0,twoColorsObj,#00FFFF,#FFFF00,#00FF00,55,7,5,0,32
573e4d0eb795b,twoColorsObj,#00FFFF,#FFFF00,#00FF00,53,7,4,0,32
573a0b8280839,twoColorsObj,#00FFFF,#FFFF00,#0F00FF,123,14,3,0,32
573e47c26cb8e,twoColorsObj,#00FFFF,#FFFF00,#798DAB,98,20,2,0,32
5740b0f8e9734,twoColorsObj,#00FFFF,#FFFF00,#008788,70,13,4,0,32
573c783748e8b,twoColorsObj,#00FFFF,#FFFF00,#00FF6B,44,25,3,1,32
5711231e370f2,twoColorsObj,#00FFFF,#FFFF00,#91c01d,483,41,4,0,32
5740bda9be3dc,twoColorsObj,#00FFFF,#FFFF00,#00FFC0,94,40,4,0,32
